"Country or Area","Year(s)","GENDER","Value","Value Footnotes"
"Afghanistan","2008","Male","27.2 [14.7-41.5]",""
"Afghanistan","2008","Female","27.9 [15.0-41.6]",""
"Afghanistan","2008","Both sexes","27.6 [18.6-37.3]",""
"Afghanistan","2008","Male","27.2 [14.7-41.5]","1"
"Afghanistan","2008","Female","27.9 [15.0-41.6]","1"
"Afghanistan","2008","Both sexes","27.6 [18.6-37.3]","1"
"Albania","2008","Both sexes","35.4 [26.5-44.6]",""
"Albania","2008","Female","31.7 [20.1-44.6]",""
"Albania","2008","Male","39.3 [25.7-53.2]",""
"Albania","2008","Both sexes","35.4 [26.5-44.6]",""
"Albania","2008","Female","31.7 [20.1-44.6]",""
"Albania","2008","Male","39.3 [25.7-53.2]",""
"Algeria","2008","Male","33.9 [23.5-45.6]",""
"Algeria","2008","Female","33.2 [22.6-44.1]",""
"Algeria","2008","Both sexes","33.6 [25.9-41.5]",""
"Algeria","2008","Male","33.9 [23.5-45.6]",""
"Algeria","2008","Female","33.2 [22.6-44.1]",""
"Algeria","2008","Both sexes","33.6 [25.9-41.5]",""
"Andorra","2008","Both sexes","23.2 [15.6-31.6]","1"
"Andorra","2008","Female","17.5 [8.8-28.8]","1"
"Andorra","2008","Male","29.2 [17.5-42.2]","1"
"Andorra","2008","Both sexes","23.2 [15.6-31.6]",""
"Andorra","2008","Female","17.5 [8.8-28.8]",""
"Andorra","2008","Male","29.2 [17.5-42.2]",""
"Angola","2008","Male","39.6 [24.5-54.5]",""
"Angola","2008","Female","33.8 [20.1-47.4]",""
"Angola","2008","Both sexes","36.7 [26.3-46.6]",""
"Angola","2008","Male","39.6 [24.5-54.5]","1"
"Angola","2008","Female","33.8 [20.1-47.4]","1"
"Angola","2008","Both sexes","36.7 [26.3-46.6]","1"
"Antigua and Barbuda","2008","Both sexes","32.9 [23.3-42.6]","1"
"Antigua and Barbuda","2008","Female","27.5 [15.1-41.3]","1"
"Antigua and Barbuda","2008","Male","38.5 [23.9-53.2]","1"
"Antigua and Barbuda","2008","Both sexes","32.9 [23.3-42.6]",""
"Antigua and Barbuda","2008","Female","27.5 [15.1-41.3]",""
"Antigua and Barbuda","2008","Male","38.5 [23.9-53.2]",""
"Argentina","2008","Male","31.0 [18.5-45.4]",""
"Argentina","2008","Female","17.9 [9.4-29.9]",""
"Argentina","2008","Both sexes","24.1 [16.1-32.8]",""
"Argentina","2008","Male","31.0 [18.5-45.4]",""
"Argentina","2008","Female","17.9 [9.4-29.9]",""
"Argentina","2008","Both sexes","24.1 [16.1-32.8]",""
"Armenia","2008","Both sexes","39.3 [32.3-46.1]",""
"Armenia","2008","Female","37.0 [28.0-46.0]",""
"Armenia","2008","Male","42.1 [31.5-52.8]",""
"Armenia","2008","Both sexes","39.3 [32.3-46.1]",""
"Armenia","2008","Female","37.0 [28.0-46.0]",""
"Armenia","2008","Male","42.1 [31.5-52.8]",""
"Australia","2008","Male","22.8 [15.0-31.0]",""
"Australia","2008","Female","13.7 [8.7-19.4]",""
"Australia","2008","Both sexes","18.2 [13.7-23.3]",""
"Australia","2008","Male","22.8 [15.0-31.0]",""
"Australia","2008","Female","13.7 [8.7-19.4]",""
"Australia","2008","Both sexes","18.2 [13.7-23.3]",""
"Austria","2008","Both sexes","24.3 [17.0-32.5]",""
"Austria","2008","Female","19.8 [11.1-30.7]",""
"Austria","2008","Male","28.7 [17.7-41.2]",""
"Austria","2008","Both sexes","24.3 [17.0-32.5]",""
"Austria","2008","Female","19.8 [11.1-30.7]",""
"Austria","2008","Male","28.7 [17.7-41.2]",""
"Azerbaijan","2008","Male","36.6 [26.9-46.6]",""
"Azerbaijan","2008","Female","30.9 [22.4-39.6]",""
"Azerbaijan","2008","Both sexes","33.6 [27.2-40.2]",""
"Azerbaijan","2008","Male","36.6 [26.9-46.6]",""
"Azerbaijan","2008","Female","30.9 [22.4-39.6]",""
"Azerbaijan","2008","Both sexes","33.6 [27.2-40.2]",""
"Bahamas","2008","Both sexes","31.3 [22.3-40.7]","1"
"Bahamas","2008","Female","25.6 [14.2-38.4]","1"
"Bahamas","2008","Male","37.6 [23.7-52.2]","1"
"Bahamas","2008","Both sexes","31.3 [22.3-40.7]",""
"Bahamas","2008","Female","25.6 [14.2-38.4]",""
"Bahamas","2008","Male","37.6 [23.7-52.2]",""
"Bahrain","2008","Male","34.5 [22.7-46.9]",""
"Bahrain","2008","Female","32.9 [21.9-44.4]",""
"Bahrain","2008","Both sexes","33.9 [25.7-42.8]",""
"Bahrain","2008","Male","34.5 [22.7-46.9]",""
"Bahrain","2008","Female","32.9 [21.9-44.4]",""
"Bahrain","2008","Both sexes","33.9 [25.7-42.8]",""
"Bangladesh","2008","Both sexes","27.7 [18.8-37.6]","1"
"Bangladesh","2008","Female","27.9 [15.7-41.4]","1"
"Bangladesh","2008","Male","27.4 [14.8-41.9]","1"
"Bangladesh","2008","Both sexes","27.7 [18.8-37.6]",""
"Bangladesh","2008","Female","27.9 [15.7-41.4]",""
"Bangladesh","2008","Male","27.4 [14.8-41.9]",""
"Barbados","2008","Male","35.4 [23.9-47.7]",""
"Barbados","2008","Female","29.1 [19.6-39.5]",""
"Barbados","2008","Both sexes","32.2 [24.8-40.3]",""
"Barbados","2008","Male","35.4 [23.9-47.7]",""
"Barbados","2008","Female","29.1 [19.6-39.5]",""
"Barbados","2008","Both sexes","32.2 [24.8-40.3]",""
"Belarus","2008","Both sexes","38.2 [28.3-48.3]",""
"Belarus","2008","Female","32.9 [19.6-46.9]",""
"Belarus","2008","Male","44.3 [30.5-58.4]",""
"Belarus","2008","Both sexes","38.2 [28.3-48.3]",""
"Belarus","2008","Female","32.9 [19.6-46.9]",""
"Belarus","2008","Male","44.3 [30.5-58.4]",""
"Belgium","2008","Male","24.6 [15.7-35.4]",""
"Belgium","2008","Female","16.8 [9.8-26.4]",""
"Belgium","2008","Both sexes","20.7 [15.0-27.4]",""
"Belgium","2008","Male","24.6 [15.7-35.4]",""
"Belgium","2008","Female","16.8 [9.8-26.4]",""
"Belgium","2008","Both sexes","20.7 [15.0-27.4]",""
"Belize","2008","Both sexes","26.3 [20.3-32.8]",""
"Belize","2008","Female","22.4 [14.9-30.9]",""
"Belize","2008","Male","30.2 [20.8-40.8]",""
"Belize","2008","Both sexes","26.3 [20.3-32.8]",""
"Belize","2008","Female","22.4 [14.9-30.9]",""
"Belize","2008","Male","30.2 [20.8-40.8]",""
"Benin","2008","Male","38.1 [29.7-46.5]",""
"Benin","2008","Female","34.1 [26.7-41.4]",""
"Benin","2008","Both sexes","36.2 [30.6-41.7]",""
"Benin","2008","Male","38.1 [29.7-46.5]",""
"Benin","2008","Female","34.1 [26.7-41.4]",""
"Benin","2008","Both sexes","36.2 [30.6-41.7]",""
"Bhutan","2008","Both sexes","28.1 [20.8-36.2]",""
"Bhutan","2008","Female","26.9 [17.1-37.7]",""
"Bhutan","2008","Male","29.0 [18.4-41.0]",""
"Bhutan","2008","Both sexes","28.1 [20.8-36.2]",""
"Bhutan","2008","Female","26.9 [17.1-37.7]",""
"Bhutan","2008","Male","29.0 [18.4-41.0]",""
"Bolivia (Plurinational State of)","2008","Male","30.7 [16.9-46.5]",""
"Bolivia (Plurinational State of)","2008","Female","23.5 [11.8-36.9]",""
"Bolivia (Plurinational State of)","2008","Both sexes","27.0 [17.7-37.2]",""
"Bolivia (Plurinational State of)","2008","Male","30.7 [16.9-46.5]","1"
"Bolivia (Plurinational State of)","2008","Female","23.5 [11.8-36.9]","1"
"Bolivia (Plurinational State of)","2008","Both sexes","27.0 [17.7-37.2]","1"
"Bosnia and Herzegovina","2008","Both sexes","38.7 [30.9-46.3]",""
"Bosnia and Herzegovina","2008","Female","38.4 [28.2-48.1]",""
"Bosnia and Herzegovina","2008","Male","38.7 [27.0-50.5]",""
"Bosnia and Herzegovina","2008","Both sexes","38.7 [30.9-46.3]",""
"Bosnia and Herzegovina","2008","Female","38.4 [28.2-48.1]",""
"Bosnia and Herzegovina","2008","Male","38.7 [27.0-50.5]",""
"Botswana","2008","Male","39.1 [30.3-48.2]",""
"Botswana","2008","Female","37.9 [29.8-45.6]",""
"Botswana","2008","Both sexes","38.8 [32.9-44.7]",""
"Botswana","2008","Male","39.1 [30.3-48.2]",""
"Botswana","2008","Female","37.9 [29.8-45.6]",""
"Botswana","2008","Both sexes","38.8 [32.9-44.7]",""
"Brazil","2008","Both sexes","32.7 [27.8-37.8]",""
"Brazil","2008","Female","26.6 [20.4-33.1]",""
"Brazil","2008","Male","39.4 [31.5-47.7]",""
"Brazil","2008","Both sexes","32.7 [27.8-37.8]",""
"Brazil","2008","Female","26.6 [20.4-33.1]",""
"Brazil","2008","Male","39.4 [31.5-47.7]",""
"Brunei Darussalam","2008","Male","23.6 [12.8-37.2]",""
"Brunei Darussalam","2008","Female","16.9 [8.1-28.4]",""
"Brunei Darussalam","2008","Both sexes","20.5 [13.1-28.9]",""
"Brunei Darussalam","2008","Male","23.6 [12.8-37.2]","1"
"Brunei Darussalam","2008","Female","16.9 [8.1-28.4]","1"
"Brunei Darussalam","2008","Both sexes","20.5 [13.1-28.9]","1"
"Bulgaria","2008","Both sexes","35.5 [27.0-43.9]",""
"Bulgaria","2008","Female","31.2 [19.6-42.9]",""
"Bulgaria","2008","Male","40.0 [28.3-52.0]",""
"Bulgaria","2008","Both sexes","35.5 [27.0-43.9]",""
"Bulgaria","2008","Female","31.2 [19.6-42.9]",""
"Bulgaria","2008","Male","40.0 [28.3-52.0]",""
"Burkina Faso","2008","Male","36.7 [23.2-51.0]",""
"Burkina Faso","2008","Female","35.2 [22.4-48.1]",""
"Burkina Faso","2008","Both sexes","36.1 [26.7-45.8]",""
"Burkina Faso","2008","Male","36.7 [23.2-51.0]","1"
"Burkina Faso","2008","Female","35.2 [22.4-48.1]","1"
"Burkina Faso","2008","Both sexes","36.1 [26.7-45.8]","1"
"Burundi","2008","Both sexes","40.9 [30.5-51.3]","1"
"Burundi","2008","Female","39.5 [25.2-53.8]","1"
"Burundi","2008","Male","42.2 [26.5-58.0]","1"
"Burundi","2008","Both sexes","40.9 [30.5-51.3]",""
"Burundi","2008","Female","39.5 [25.2-53.8]",""
"Burundi","2008","Male","42.2 [26.5-58.0]",""
"Cabo Verde","2008","Female","38.4 [30.3-46.4]",""
"Cabo Verde","2008","Both sexes","42.8 [36.4-49.0]",""
"Cabo Verde","2008","Male","47.7 [37.8-57.2]",""
"Cabo Verde","2008","Female","38.4 [30.3-46.4]",""
"Cabo Verde","2008","Both sexes","42.8 [36.4-49.0]",""
"Cabo Verde","2008","Male","47.7 [37.8-57.2]",""
"Cambodia","2008","Male","22.5 [15.9-30.0]",""
"Cambodia","2008","Female","16.8 [11.4-23.4]",""
"Cambodia","2008","Both sexes","19.4 [15.1-24.2]",""
"Cambodia","2008","Male","22.5 [15.9-30.0]",""
"Cambodia","2008","Female","16.8 [11.4-23.4]",""
"Cambodia","2008","Both sexes","19.4 [15.1-24.2]",""
"Cameroon","2008","Both sexes","32.7 [25.9-39.9]",""
"Cameroon","2008","Female","29.8 [20.9-39.6]",""
"Cameroon","2008","Male","35.6 [25.2-46.7]",""
"Cameroon","2008","Both sexes","32.7 [25.9-39.9]",""
"Cameroon","2008","Female","29.8 [20.9-39.6]",""
"Cameroon","2008","Male","35.6 [25.2-46.7]",""
"Canada","2008","Male","17.4 [11.0-25.1]",""
"Canada","2008","Female","13.2 [7.7-20.1]",""
"Canada","2008","Both sexes","15.3 [10.9-20.5]",""
"Canada","2008","Male","17.4 [11.0-25.1]",""
"Canada","2008","Female","13.2 [7.7-20.1]",""
"Canada","2008","Both sexes","15.3 [10.9-20.5]",""
"Central African Republic","2008","Both sexes","36.8 [26.5-47.3]","1"
"Central African Republic","2008","Female","34.5 [20.8-48.5]","1"
"Central African Republic","2008","Male","39.1 [23.9-55.0]","1"
"Central African Republic","2008","Both sexes","36.8 [26.5-47.3]",""
"Central African Republic","2008","Female","34.5 [20.8-48.5]",""
"Central African Republic","2008","Male","39.1 [23.9-55.0]",""
"Chad","2008","Male","35.5 [24.3-46.9]",""
"Chad","2008","Female","31.3 [20.9-41.6]",""
"Chad","2008","Both sexes","33.4 [25.7-41.1]",""
"Chad","2008","Male","35.5 [24.3-46.9]",""
"Chad","2008","Female","31.3 [20.9-41.6]",""
"Chad","2008","Both sexes","33.4 [25.7-41.1]",""
"Chile","2008","Both sexes","33.3 [26.0-40.9]",""
"Chile","2008","Female","27.4 [18.9-37.0]",""
"Chile","2008","Male","39.4 [27.9-51.4]",""
"Chile","2008","Both sexes","33.3 [26.0-40.9]",""
"Chile","2008","Female","27.4 [18.9-37.0]",""
"Chile","2008","Male","39.4 [27.9-51.4]",""
"China","2008","Male","29.8 [24.8-34.9]",""
"China","2008","Female","25.6 [21.4-30.1]",""
"China","2008","Both sexes","27.8 [24.5-31.2]",""
"China","2008","Male","29.8 [24.8-34.9]",""
"China","2008","Female","25.6 [21.4-30.1]",""
"China","2008","Both sexes","27.8 [24.5-31.2]",""
"Colombia","2008","Both sexes","30.2 [24.9-35.5]",""
"Colombia","2008","Female","26.5 [20.0-33.4]",""
"Colombia","2008","Male","34.3 [26.2-42.8]",""
"Colombia","2008","Both sexes","30.2 [24.9-35.5]",""
"Colombia","2008","Female","26.5 [20.0-33.4]",""
"Colombia","2008","Male","34.3 [26.2-42.8]",""
"Comoros","2008","Male","40.8 [25.9-55.4]",""
"Comoros","2008","Female","36.5 [23.3-49.3]",""
"Comoros","2008","Both sexes","38.7 [28.7-48.6]",""
"Comoros","2008","Male","40.8 [25.9-55.4]","1"
"Comoros","2008","Female","36.5 [23.3-49.3]","1"
"Comoros","2008","Both sexes","38.7 [28.7-48.6]","1"
"Congo","2008","Both sexes","38.2 [29.2-46.9]",""
"Congo","2008","Female","36.1 [24.3-47.8]",""
"Congo","2008","Male","40.3 [27.2-53.4]",""
"Congo","2008","Both sexes","38.2 [29.2-46.9]",""
"Congo","2008","Female","36.1 [24.3-47.8]",""
"Congo","2008","Male","40.3 [27.2-53.4]",""
"Cook Islands","2008","Male","40.1 [27.7-53.1]",""
"Cook Islands","2008","Female","28.1 [18.5-38.8]",""
"Cook Islands","2008","Both sexes","34.2 [26.1-42.3]",""
"Cook Islands","2008","Male","40.1 [27.7-53.1]",""
"Cook Islands","2008","Female","28.1 [18.5-38.8]",""
"Cook Islands","2008","Both sexes","34.2 [26.1-42.3]",""
"Costa Rica","2008","Both sexes","27.2 [19.6-35.2]",""
"Costa Rica","2008","Female","22.5 [13.6-32.5]",""
"Costa Rica","2008","Male","31.6 [19.7-44.5]",""
"Costa Rica","2008","Both sexes","27.2 [19.6-35.2]",""
"Costa Rica","2008","Female","22.5 [13.6-32.5]",""
"Costa Rica","2008","Male","31.6 [19.7-44.5]",""
"Côte d’Ivoire","2008","Male","41.6 [30.1-53.3]",""
"Côte d’Ivoire","2008","Female","35.7 [25.2-46.6]",""
"Côte d’Ivoire","2008","Both sexes","38.8 [30.8-46.8]",""
"Côte d’Ivoire","2008","Male","41.6 [30.1-53.3]",""
"Côte d’Ivoire","2008","Female","35.7 [25.2-46.6]",""
"Côte d’Ivoire","2008","Both sexes","38.8 [30.8-46.8]",""
"Croatia","2008","Both sexes","38.3 [30.0-46.4]",""
"Croatia","2008","Female","34.2 [23.3-45.1]",""
"Croatia","2008","Male","42.4 [30.0-54.2]",""
"Croatia","2008","Both sexes","38.3 [30.0-46.4]",""
"Croatia","2008","Female","34.2 [23.3-45.1]",""
"Croatia","2008","Male","42.4 [30.0-54.2]",""
"Cuba","2008","Male","33.2 [19.2-48.0]",""
"Cuba","2008","Female","28.7 [16.2-42.0]",""
"Cuba","2008","Both sexes","31.0 [21.6-40.9]",""
"Cuba","2008","Male","33.2 [19.2-48.0]","1"
"Cuba","2008","Female","28.7 [16.2-42.0]","1"
"Cuba","2008","Both sexes","31.0 [21.6-40.9]","1"
"Cyprus","2008","Both sexes","23.4 [16.4-31.6]",""
"Cyprus","2008","Female","18.5 [10.1-29.2]",""
"Cyprus","2008","Male","28.9 [17.6-41.4]",""
"Cyprus","2008","Both sexes","23.4 [16.4-31.6]",""
"Cyprus","2008","Female","18.5 [10.1-29.2]",""
"Cyprus","2008","Male","28.9 [17.6-41.4]",""
"Czech Republic","2008","Male","39.3 [31.4-47.3]",""
"Czech Republic","2008","Female","27.7 [21.1-34.3]",""
"Czech Republic","2008","Both sexes","33.5 [28.3-38.6]",""
"Czech Republic","2008","Male","39.3 [31.4-47.3]",""
"Czech Republic","2008","Female","27.7 [21.1-34.3]",""
"Czech Republic","2008","Both sexes","33.5 [28.3-38.6]",""
"Democratic People's Republic of Korea","2008","Both sexes","25.3 [16.2-35.4]","1"
"Democratic People's Republic of Korea","2008","Female","23.7 [11.9-37.5]","1"
"Democratic People's Republic of Korea","2008","Male","26.7 [13.8-41.9]","1"
"Democratic People's Republic of Korea","2008","Both sexes","25.3 [16.2-35.4]",""
"Democratic People's Republic of Korea","2008","Female","23.7 [11.9-37.5]",""
"Democratic People's Republic of Korea","2008","Male","26.7 [13.8-41.9]",""
"Democratic Republic of the Congo","2008","Male","38.5 [26.2-50.8]",""
"Democratic Republic of the Congo","2008","Female","33.3 [21.5-45.2]",""
"Democratic Republic of the Congo","2008","Both sexes","35.8 [27.4-44.5]",""
"Democratic Republic of the Congo","2008","Male","38.5 [26.2-50.8]",""
"Democratic Republic of the Congo","2008","Female","33.3 [21.5-45.2]",""
"Democratic Republic of the Congo","2008","Both sexes","35.8 [27.4-44.5]",""
"Denmark","2008","Both sexes","21.0 [15.6-27.2]",""
"Denmark","2008","Female","15.6 [9.3-23.9]",""
"Denmark","2008","Male","26.5 [18.0-36.3]",""
"Denmark","2008","Both sexes","21.0 [15.6-27.2]",""
"Denmark","2008","Female","15.6 [9.3-23.9]",""
"Denmark","2008","Male","26.5 [18.0-36.3]",""
"Djibouti","2008","Male","38.8 [24.1-54.0]",""
"Djibouti","2008","Female","32.5 [19.0-45.7]",""
"Djibouti","2008","Both sexes","35.6 [25.4-45.3]",""
"Djibouti","2008","Male","38.8 [24.1-54.0]","1"
"Djibouti","2008","Female","32.5 [19.0-45.7]","1"
"Djibouti","2008","Both sexes","35.6 [25.4-45.3]","1"
"Dominica","2008","Both sexes","38.5 [32.4-44.7]",""
"Dominica","2008","Female","35.3 [27.1-43.2]",""
"Dominica","2008","Male","41.9 [32.5-51.5]",""
"Dominica","2008","Both sexes","38.5 [32.4-44.7]",""
"Dominica","2008","Female","35.3 [27.1-43.2]",""
"Dominica","2008","Male","41.9 [32.5-51.5]",""
"Dominican Republic","2008","Male","35.6 [23.6-48.3]",""
"Dominican Republic","2008","Female","29.5 [19.0-40.3]",""
"Dominican Republic","2008","Both sexes","32.5 [24.7-40.7]",""
"Dominican Republic","2008","Male","35.6 [23.6-48.3]",""
"Dominican Republic","2008","Female","29.5 [19.0-40.3]",""
"Dominican Republic","2008","Both sexes","32.5 [24.7-40.7]",""
"Ecuador","2008","Both sexes","28.1 [18.5-38.5]","1"
"Ecuador","2008","Female","23.9 [12.2-37.5]","1"
"Ecuador","2008","Male","32.3 [18.1-47.9]","1"
"Ecuador","2008","Both sexes","28.1 [18.5-38.5]",""
"Ecuador","2008","Female","23.9 [12.2-37.5]",""
"Ecuador","2008","Male","32.3 [18.1-47.9]",""
"Egypt","2008","Male","27.1 [19.1-35.8]",""
"Egypt","2008","Female","27.0 [19.9-34.6]",""
"Egypt","2008","Both sexes","27.1 [21.8-32.8]",""
"Egypt","2008","Male","27.1 [19.1-35.8]",""
"Egypt","2008","Female","27.0 [19.9-34.6]",""
"Egypt","2008","Both sexes","27.1 [21.8-32.8]",""
"El Salvador","2008","Both sexes","24.1 [17.0-31.8]",""
"El Salvador","2008","Female","20.7 [12.0-30.7]",""
"El Salvador","2008","Male","27.8 [16.7-40.1]",""
"El Salvador","2008","Both sexes","24.1 [17.0-31.8]",""
"El Salvador","2008","Female","20.7 [12.0-30.7]",""
"El Salvador","2008","Male","27.8 [16.7-40.1]",""
"Equatorial Guinea","2008","Male","43.5 [27.4-60.2]",""
"Equatorial Guinea","2008","Female","35.8 [21.2-51.1]",""
"Equatorial Guinea","2008","Both sexes","39.6 [28.6-50.8]",""
"Equatorial Guinea","2008","Male","43.5 [27.4-60.2]","1"
"Equatorial Guinea","2008","Female","35.8 [21.2-51.1]","1"
"Equatorial Guinea","2008","Both sexes","39.6 [28.6-50.8]","1"
"Eritrea","2008","Both sexes","30.2 [22.7-37.8]",""
"Eritrea","2008","Female","28.1 [18.6-38.0]",""
"Eritrea","2008","Male","32.2 [21.4-43.9]",""
"Eritrea","2008","Both sexes","30.2 [22.7-37.8]",""
"Eritrea","2008","Female","28.1 [18.6-38.0]",""
"Eritrea","2008","Male","32.2 [21.4-43.9]",""
"Estonia","2008","Male","47.3 [35.5-59.3]",""
"Estonia","2008","Female","33.2 [22.3-44.0]",""
"Estonia","2008","Both sexes","39.7 [31.2-47.9]",""
"Estonia","2008","Male","47.3 [35.5-59.3]",""
"Estonia","2008","Female","33.2 [22.3-44.0]",""
"Estonia","2008","Both sexes","39.7 [31.2-47.9]",""
"Ethiopia","2008","Both sexes","30.6 [24.0-37.6]",""
"Ethiopia","2008","Female","28.3 [19.6-37.8]",""
"Ethiopia","2008","Male","33.0 [23.6-42.7]",""
"Ethiopia","2008","Both sexes","30.6 [24.0-37.6]",""
"Ethiopia","2008","Female","28.3 [19.6-37.8]",""
"Ethiopia","2008","Male","33.0 [23.6-42.7]",""
"Fiji","2008","Male","32.5 [20.8-45.2]",""
"Fiji","2008","Female","29.7 [19.8-40.3]",""
"Fiji","2008","Both sexes","31.3 [23.3-39.4]",""
"Fiji","2008","Male","32.5 [20.8-45.2]",""
"Fiji","2008","Female","29.7 [19.8-40.3]",""
"Fiji","2008","Both sexes","31.3 [23.3-39.4]",""
"Finland","2008","Both sexes","28.8 [23.2-34.6]",""
"Finland","2008","Female","22.7 [16.1-29.8]",""
"Finland","2008","Male","34.9 [25.9-44.3]",""
"Finland","2008","Both sexes","28.8 [23.2-34.6]",""
"Finland","2008","Female","22.7 [16.1-29.8]",""
"Finland","2008","Male","34.9 [25.9-44.3]",""
"France","2008","Male","29.1 [22.0-36.4]",""
"France","2008","Female","16.2 [11.4-21.3]",""
"France","2008","Both sexes","22.5 [18.1-26.9]",""
"France","2008","Male","29.1 [22.0-36.4]",""
"France","2008","Female","16.2 [11.4-21.3]",""
"France","2008","Both sexes","22.5 [18.1-26.9]",""
"Gabon","2008","Both sexes","36.5 [29.5-43.9]",""
"Gabon","2008","Female","33.0 [23.5-43.0]",""
"Gabon","2008","Male","40.0 [29.6-50.6]",""
"Gabon","2008","Both sexes","36.5 [29.5-43.9]",""
"Gabon","2008","Female","33.0 [23.5-43.0]",""
"Gabon","2008","Male","40.0 [29.6-50.6]",""
"Gambia","2008","Male","39.7 [27.8-51.8]",""
"Gambia","2008","Female","34.2 [23.8-44.5]",""
"Gambia","2008","Both sexes","37.0 [29.1-44.8]",""
"Gambia","2008","Male","39.7 [27.8-51.8]",""
"Gambia","2008","Female","34.2 [23.8-44.5]",""
"Gambia","2008","Both sexes","37.0 [29.1-44.8]",""
"Georgia","2008","Both sexes","38.2 [29.0-47.3]",""
"Georgia","2008","Female","34.3 [22.4-46.7]",""
"Georgia","2008","Male","42.6 [29.0-56.4]",""
"Georgia","2008","Both sexes","38.2 [29.0-47.3]",""
"Georgia","2008","Female","34.3 [22.4-46.7]",""
"Georgia","2008","Male","42.6 [29.0-56.4]",""
"Germany","2008","Male","31.1 [23.1-40.0]",""
"Germany","2008","Female","20.7 [14.1-27.4]",""
"Germany","2008","Both sexes","26.0 [20.9-31.5]",""
"Germany","2008","Male","31.1 [23.1-40.0]",""
"Germany","2008","Female","20.7 [14.1-27.4]",""
"Germany","2008","Both sexes","26.0 [20.9-31.5]",""
"Ghana","2008","Both sexes","32.2 [27.5-37.0]",""
"Ghana","2008","Female","31.6 [25.4-37.8]",""
"Ghana","2008","Male","32.7 [26.0-39.9]",""
"Ghana","2008","Both sexes","32.2 [27.5-37.0]",""
"Ghana","2008","Female","31.6 [25.4-37.8]",""
"Ghana","2008","Male","32.7 [26.0-39.9]",""
"Greece","2008","Male","25.1 [16.3-35.4]",""
"Greece","2008","Female","19.8 [12.6-28.3]",""
"Greece","2008","Both sexes","22.5 [16.5-29.0]",""
"Greece","2008","Male","25.1 [16.3-35.4]",""
"Greece","2008","Female","19.8 [12.6-28.3]",""
"Greece","2008","Both sexes","22.5 [16.5-29.0]",""
"Grenada","2008","Both sexes","31.9 [22.7-41.6]","1"
"Grenada","2008","Female","28.1 [16.1-41.2]","1"
"Grenada","2008","Male","35.9 [22.0-50.2]","1"
"Grenada","2008","Both sexes","31.9 [22.7-41.6]",""
"Grenada","2008","Female","28.1 [16.1-41.2]",""
"Grenada","2008","Male","35.9 [22.0-50.2]",""
"Guatemala","2008","Male","28.5 [18.4-39.9]",""
"Guatemala","2008","Female","22.2 [14.0-31.1]",""
"Guatemala","2008","Both sexes","25.1 [18.3-32.1]",""
"Guatemala","2008","Male","28.5 [18.4-39.9]",""
"Guatemala","2008","Female","22.2 [14.0-31.1]",""
"Guatemala","2008","Both sexes","25.1 [18.3-32.1]",""
"Guinea","2008","Both sexes","37.7 [28.5-47.0]","1"
"Guinea","2008","Female","36.8 [24.3-49.6]","1"
"Guinea","2008","Male","38.4 [24.8-52.3]","1"
"Guinea","2008","Both sexes","37.7 [28.5-47.0]",""
"Guinea","2008","Female","36.8 [24.3-49.6]",""
"Guinea","2008","Male","38.4 [24.8-52.3]",""
"Guinea-Bissau","2008","Male","37.6 [23.9-51.5]",""
"Guinea-Bissau","2008","Female","35.3 [22.6-48.3]",""
"Guinea-Bissau","2008","Both sexes","36.5 [27.2-45.8]",""
"Guinea-Bissau","2008","Male","37.6 [23.9-51.5]","1"
"Guinea-Bissau","2008","Female","35.3 [22.6-48.3]","1"
"Guinea-Bissau","2008","Both sexes","36.5 [27.2-45.8]","1"
"Guyana","2008","Both sexes","30.2 [20.9-40.4]","1"
"Guyana","2008","Female","28.0 [15.4-41.8]","1"
"Guyana","2008","Male","32.1 [18.6-46.9]","1"
"Guyana","2008","Both sexes","30.2 [20.9-40.4]",""
"Guyana","2008","Female","28.0 [15.4-41.8]",""
"Guyana","2008","Male","32.1 [18.6-46.9]",""
"Haiti","2008","Male","33.6 [20.1-48.5]",""
"Haiti","2008","Female","28.1 [15.6-42.1]",""
"Haiti","2008","Both sexes","30.8 [21.3-40.8]",""
"Haiti","2008","Male","33.6 [20.1-48.5]","1"
"Haiti","2008","Female","28.1 [15.6-42.1]","1"
"Haiti","2008","Both sexes","30.8 [21.3-40.8]","1"
"Honduras","2008","Both sexes","27.9 [20.3-36.2]",""
"Honduras","2008","Female","25.1 [15.5-35.7]",""
"Honduras","2008","Male","30.8 [19.3-43.9]",""
"Honduras","2008","Both sexes","27.9 [20.3-36.2]",""
"Honduras","2008","Female","25.1 [15.5-35.7]",""
"Honduras","2008","Male","30.8 [19.3-43.9]",""
"Hungary","2008","Male","42.7 [31.7-53.2]",""
"Hungary","2008","Female","31.3 [21.1-42.2]",""
"Hungary","2008","Both sexes","36.8 [29.2-44.0]",""
"Hungary","2008","Male","42.7 [31.7-53.2]",""
"Hungary","2008","Female","31.3 [21.1-42.2]",""
"Hungary","2008","Both sexes","36.8 [29.2-44.0]",""
"Iceland","2008","Both sexes","20.1 [14.7-26.0]",""
"Iceland","2008","Female","14.2 [8.5-21.6]",""
"Iceland","2008","Male","25.8 [17.2-35.3]",""
"Iceland","2008","Both sexes","20.1 [14.7-26.0]",""
"Iceland","2008","Female","14.2 [8.5-21.6]",""
"Iceland","2008","Male","25.8 [17.2-35.3]",""
"India","2008","Male","23.1 [17.2-29.5]",""
"India","2008","Female","22.6 [17.4-28.4]",""
"India","2008","Both sexes","22.9 [18.9-27.2]",""
"India","2008","Male","23.1 [17.2-29.5]",""
"India","2008","Female","22.6 [17.4-28.4]",""
"India","2008","Both sexes","22.9 [18.9-27.2]",""
"Indonesia","2008","Both sexes","30.9 [24.9-36.9]",""
"Indonesia","2008","Female","29.3 [21.9-37.0]",""
"Indonesia","2008","Male","32.5 [23.3-42.3]",""
"Indonesia","2008","Both sexes","30.9 [24.9-36.9]",""
"Indonesia","2008","Female","29.3 [21.9-37.0]",""
"Indonesia","2008","Male","32.5 [23.3-42.3]",""
"Iran (Islamic Republic of)","2008","Male","30.9 [24.5-37.7]",""
"Iran (Islamic Republic of)","2008","Female","26.9 [21.3-32.8]",""
"Iran (Islamic Republic of)","2008","Both sexes","28.9 [24.6-33.2]",""
"Iran (Islamic Republic of)","2008","Male","30.9 [24.5-37.7]",""
"Iran (Islamic Republic of)","2008","Female","26.9 [21.3-32.8]",""
"Iran (Islamic Republic of)","2008","Both sexes","28.9 [24.6-33.2]",""
"Iraq","2008","Both sexes","29.4 [20.4-38.9]","1"
"Iraq","2008","Female","28.7 [16.6-41.7]","1"
"Iraq","2008","Male","30.1 [17.6-44.0]","1"
"Iraq","2008","Both sexes","29.4 [20.4-38.9]",""
"Iraq","2008","Female","28.7 [16.6-41.7]",""
"Iraq","2008","Male","30.1 [17.6-44.0]",""
"Ireland","2008","Male","34.9 [27.1-43.3]",""
"Ireland","2008","Female","20.7 [15.2-26.7]",""
"Ireland","2008","Both sexes","27.7 [23.0-32.9]",""
"Ireland","2008","Male","34.9 [27.1-43.3]",""
"Ireland","2008","Female","20.7 [15.2-26.7]",""
"Ireland","2008","Both sexes","27.7 [23.0-32.9]",""
"Israel","2008","Both sexes","19.6 [14.9-24.6]",""
"Israel","2008","Female","16.5 [10.7-23.2]",""
"Israel","2008","Male","23.1 [15.9-30.6]",""
"Israel","2008","Both sexes","19.6 [14.9-24.6]",""
"Israel","2008","Female","16.5 [10.7-23.2]",""
"Israel","2008","Male","23.1 [15.9-30.6]",""
"Italy","2008","Male","28.6 [22.2-35.3]",""
"Italy","2008","Female","20.6 [15.2-26.2]",""
"Italy","2008","Both sexes","24.6 [20.3-29.1]",""
"Italy","2008","Male","28.6 [22.2-35.3]",""
"Italy","2008","Female","20.6 [15.2-26.2]",""
"Italy","2008","Both sexes","24.6 [20.3-29.1]",""
"Jamaica","2008","Both sexes","30.0 [24.5-35.6]",""
"Jamaica","2008","Female","28.0 [21.0-35.4]",""
"Jamaica","2008","Male","32.3 [24.5-40.3]",""
"Jamaica","2008","Both sexes","30.0 [24.5-35.6]",""
"Jamaica","2008","Female","28.0 [21.0-35.4]",""
"Jamaica","2008","Male","32.3 [24.5-40.3]",""
"Japan","2008","Male","26.4 [20.7-32.7]",""
"Japan","2008","Female","16.7 [12.9-20.6]",""
"Japan","2008","Both sexes","21.5 [18.1-25.4]",""
"Japan","2008","Male","26.4 [20.7-32.7]",""
"Japan","2008","Female","16.7 [12.9-20.6]",""
"Japan","2008","Both sexes","21.5 [18.1-25.4]",""
"Jordan","2008","Both sexes","23.2 [18.5-28.4]",""
"Jordan","2008","Female","20.3 [14.5-27.0]",""
"Jordan","2008","Male","26.0 [18.8-34.2]",""
"Jordan","2008","Both sexes","23.2 [18.5-28.4]",""
"Jordan","2008","Female","20.3 [14.5-27.0]",""
"Jordan","2008","Male","26.0 [18.8-34.2]",""
"Kazakhstan","2008","Male","40.4 [25.7-55.0]",""
"Kazakhstan","2008","Female","31.8 [18.5-45.1]",""
"Kazakhstan","2008","Both sexes","35.8 [26.1-45.7]",""
"Kazakhstan","2008","Male","40.4 [25.7-55.0]","1"
"Kazakhstan","2008","Female","31.8 [18.5-45.1]","1"
"Kazakhstan","2008","Both sexes","35.8 [26.1-45.7]","1"
"Kenya","2008","Both sexes","35.1 [26.8-43.6]",""
"Kenya","2008","Female","33.0 [22.0-44.9]",""
"Kenya","2008","Male","37.1 [25.6-49.4]",""
"Kenya","2008","Both sexes","35.1 [26.8-43.6]",""
"Kenya","2008","Female","33.0 [22.0-44.9]",""
"Kenya","2008","Male","37.1 [25.6-49.4]",""
"Kiribati","2008","Male","31.2 [20.1-43.1]",""
"Kiribati","2008","Female","21.6 [13.6-31.0]",""
"Kiribati","2008","Both sexes","26.3 [19.3-33.9]",""
"Kiribati","2008","Male","31.2 [20.1-43.1]",""
"Kiribati","2008","Female","21.6 [13.6-31.0]",""
"Kiribati","2008","Both sexes","26.3 [19.3-33.9]",""
"Kuwait","2008","Both sexes","27.1 [21.1-33.5]",""
"Kuwait","2008","Female","23.7 [16.6-31.5]",""
"Kuwait","2008","Male","29.0 [20.5-38.0]",""
"Kuwait","2008","Both sexes","27.1 [21.1-33.5]",""
"Kuwait","2008","Female","23.7 [16.6-31.5]",""
"Kuwait","2008","Male","29.0 [20.5-38.0]",""
"Kyrgyzstan","2008","Male","38.5 [24.3-53.6]",""
"Kyrgyzstan","2008","Female","33.4 [20.5-46.3]",""
"Kyrgyzstan","2008","Both sexes","36.0 [26.3-45.8]",""
"Kyrgyzstan","2008","Male","38.5 [24.3-53.6]","1"
"Kyrgyzstan","2008","Female","33.4 [20.5-46.3]","1"
"Kyrgyzstan","2008","Both sexes","36.0 [26.3-45.8]","1"
"Lao People's Democratic Republic","2008","Both sexes","26.0 [19.4-33.3]",""
"Lao People's Democratic Republic","2008","Female","24.0 [15.2-33.8]",""
"Lao People's Democratic Republic","2008","Male","28.1 [18.5-38.8]",""
"Lao People's Democratic Republic","2008","Both sexes","26.0 [19.4-33.3]",""
"Lao People's Democratic Republic","2008","Female","24.0 [15.2-33.8]",""
"Lao People's Democratic Republic","2008","Male","28.1 [18.5-38.8]",""
"Latvia","2008","Male","44.5 [29.7-59.3]",""
"Latvia","2008","Female","32.7 [19.2-46.4]",""
"Latvia","2008","Both sexes","38.3 [28.1-48.6]",""
"Latvia","2008","Male","44.5 [29.7-59.3]","1"
"Latvia","2008","Female","32.7 [19.2-46.4]","1"
"Latvia","2008","Both sexes","38.3 [28.1-48.6]","1"
"Lebanon","2008","Both sexes","29.8 [24.4-35.3]",""
"Lebanon","2008","Female","26.1 [19.2-33.4]",""
"Lebanon","2008","Male","33.9 [25.8-42.4]",""
"Lebanon","2008","Both sexes","29.8 [24.4-35.3]",""
"Lebanon","2008","Female","26.1 [19.2-33.4]",""
"Lebanon","2008","Male","33.9 [25.8-42.4]",""
"Lesotho","2008","Male","36.4 [22.4-51.3]",""
"Lesotho","2008","Female","35.9 [22.0-49.7]",""
"Lesotho","2008","Both sexes","36.3 [26.4-46.5]",""
"Lesotho","2008","Male","36.4 [22.4-51.3]","1"
"Lesotho","2008","Female","35.9 [22.0-49.7]","1"
"Lesotho","2008","Both sexes","36.3 [26.4-46.5]","1"
"Liberia","2008","Both sexes","37.2 [27.7-46.6]","1"
"Liberia","2008","Female","35.7 [22.9-48.5]","1"
"Liberia","2008","Male","38.5 [24.9-52.5]","1"
"Liberia","2008","Both sexes","37.2 [27.7-46.6]",""
"Liberia","2008","Female","35.7 [22.9-48.5]",""
"Liberia","2008","Male","38.5 [24.9-52.5]",""
"Libya","2008","Male","45.2 [36.8-53.2]",""
"Libya","2008","Female","38.9 [31.4-46.1]",""
"Libya","2008","Both sexes","42.2 [36.4-47.7]",""
"Libya","2008","Male","45.2 [36.8-53.2]",""
"Libya","2008","Female","38.9 [31.4-46.1]",""
"Libya","2008","Both sexes","42.2 [36.4-47.7]",""
"Lithuania","2008","Both sexes","39.8 [31.2-48.2]",""
"Lithuania","2008","Female","34.3 [23.0-45.3]",""
"Lithuania","2008","Male","45.5 [33.2-58.3]",""
"Lithuania","2008","Both sexes","39.8 [31.2-48.2]",""
"Lithuania","2008","Female","34.3 [23.0-45.3]",""
"Lithuania","2008","Male","45.5 [33.2-58.3]",""
"Luxembourg","2008","Male","28.5 [16.6-42.1]",""
"Luxembourg","2008","Female","17.9 [9.0-29.2]",""
"Luxembourg","2008","Both sexes","23.1 [15.5-31.8]",""
"Luxembourg","2008","Male","28.5 [16.6-42.1]","1"
"Luxembourg","2008","Female","17.9 [9.0-29.2]","1"
"Luxembourg","2008","Both sexes","23.1 [15.5-31.8]","1"
"Madagascar","2008","Both sexes","39.1 [30.9-46.8]",""
"Madagascar","2008","Female","37.5 [26.8-48.1]",""
"Madagascar","2008","Male","40.6 [28.9-52.1]",""
"Madagascar","2008","Both sexes","39.1 [30.9-46.8]",""
"Madagascar","2008","Female","37.5 [26.8-48.1]",""
"Madagascar","2008","Male","40.6 [28.9-52.1]",""
"Malawi","2008","Male","44.5 [35.5-53.1]",""
"Malawi","2008","Female","39.4 [31.7-46.7]",""
"Malawi","2008","Both sexes","42.0 [36.2-47.7]",""
"Malawi","2008","Male","44.5 [35.5-53.1]",""
"Malawi","2008","Female","39.4 [31.7-46.7]",""
"Malawi","2008","Both sexes","42.0 [36.2-47.7]",""
"Malaysia","2008","Both sexes","26.8 [20.7-33.4]",""
"Malaysia","2008","Female","24.6 [16.9-33.1]",""
"Malaysia","2008","Male","28.8 [19.8-39.1]",""
"Malaysia","2008","Both sexes","26.8 [20.7-33.4]",""
"Malaysia","2008","Female","24.6 [16.9-33.1]",""
"Malaysia","2008","Male","28.8 [19.8-39.1]",""
"Maldives","2008","Male","30.6 [17.0-46.4]",""
"Maldives","2008","Female","24.5 [12.5-38.5]",""
"Maldives","2008","Both sexes","27.6 [18.2-37.9]",""
"Maldives","2008","Male","30.6 [17.0-46.4]","1"
"Maldives","2008","Female","24.5 [12.5-38.5]","1"
"Maldives","2008","Both sexes","27.6 [18.2-37.9]","1"
"Mali","2008","Both sexes","31.0 [23.6-38.6]",""
"Mali","2008","Female","31.3 [21.1-41.6]",""
"Mali","2008","Male","30.5 [19.8-40.9]",""
"Mali","2008","Both sexes","31.0 [23.6-38.6]",""
"Mali","2008","Female","31.3 [21.1-41.6]",""
"Mali","2008","Male","30.5 [19.8-40.9]",""
"Malta","2008","Male","29.9 [19.2-42.1]",""
"Malta","2008","Female","20.3 [11.0-30.6]",""
"Malta","2008","Both sexes","25.1 [18.0-33.2]",""
"Malta","2008","Male","29.9 [19.2-42.1]",""
"Malta","2008","Female","20.3 [11.0-30.6]",""
"Malta","2008","Both sexes","25.1 [18.0-33.2]",""
"Marshall Islands","2008","Both sexes","26.1 [19.0-33.9]",""
"Marshall Islands","2008","Female","22.7 [13.9-32.9]",""
"Marshall Islands","2008","Male","29.6 [18.6-41.9]",""
"Marshall Islands","2008","Both sexes","26.1 [19.0-33.9]",""
"Marshall Islands","2008","Female","22.7 [13.9-32.9]",""
"Marshall Islands","2008","Male","29.6 [18.6-41.9]",""
"Mauritania","2008","Male","38.4 [24.6-53.1]",""
"Mauritania","2008","Female","33.9 [21.3-47.3]",""
"Mauritania","2008","Both sexes","36.2 [26.8-46.2]",""
"Mauritania","2008","Male","38.4 [24.6-53.1]","1"
"Mauritania","2008","Female","33.9 [21.3-47.3]","1"
"Mauritania","2008","Both sexes","36.2 [26.8-46.2]","1"
"Mauritius","2008","Both sexes","37.6 [27.4-48.2]","1"
"Mauritius","2008","Female","34.5 [20.8-48.4]","1"
"Mauritius","2008","Male","40.6 [25.0-56.0]","1"
"Mauritius","2008","Both sexes","37.6 [27.4-48.2]",""
"Mauritius","2008","Female","34.5 [20.8-48.4]",""
"Mauritius","2008","Male","40.6 [25.0-56.0]",""
"Mexico","2008","Male","27.4 [19.4-36.4]",""
"Mexico","2008","Female","21.5 [14.9-28.9]",""
"Mexico","2008","Both sexes","24.4 [19.1-29.9]",""
"Mexico","2008","Male","27.4 [19.4-36.4]",""
"Mexico","2008","Female","21.5 [14.9-28.9]",""
"Mexico","2008","Both sexes","24.4 [19.1-29.9]",""
"Micronesia (Federated States of)","2008","Both sexes","31.9 [24.2-40.3]",""
"Micronesia (Federated States of)","2008","Female","27.0 [17.1-37.9]",""
"Micronesia (Federated States of)","2008","Male","36.9 [24.9-49.9]",""
"Micronesia (Federated States of)","2008","Both sexes","31.9 [24.2-40.3]",""
"Micronesia (Federated States of)","2008","Female","27.0 [17.1-37.9]",""
"Micronesia (Federated States of)","2008","Male","36.9 [24.9-49.9]",""
"Mongolia","2008","Male","44.8 [37.6-51.5]",""
"Mongolia","2008","Female","32.9 [26.3-39.4]",""
"Mongolia","2008","Both sexes","38.6 [33.6-43.5]",""
"Mongolia","2008","Male","44.8 [37.6-51.5]",""
"Mongolia","2008","Female","32.9 [26.3-39.4]",""
"Mongolia","2008","Both sexes","38.6 [33.6-43.5]",""
"Montenegro","2008","Both sexes","37.0 [27.1-47.0]","1"
"Montenegro","2008","Female","32.5 [19.7-45.7]","1"
"Montenegro","2008","Male","42.0 [27.5-56.7]","1"
"Montenegro","2008","Both sexes","37.0 [27.1-47.0]",""
"Montenegro","2008","Female","32.5 [19.7-45.7]",""
"Montenegro","2008","Male","42.0 [27.5-56.7]",""
"Morocco","2008","Male","34.0 [22.7-45.8]",""
"Morocco","2008","Female","37.6 [27.0-48.2]",""
"Morocco","2008","Both sexes","35.8 [28.1-43.6]",""
"Morocco","2008","Male","34.0 [22.7-45.8]",""
"Morocco","2008","Female","37.6 [27.0-48.2]",""
"Morocco","2008","Both sexes","35.8 [28.1-43.6]",""
"Mozambique","2008","Both sexes","43.7 [36.5-50.7]",""
"Mozambique","2008","Female","41.4 [32.1-50.7]",""
"Mozambique","2008","Male","46.3 [35.3-57.6]",""
"Mozambique","2008","Both sexes","43.7 [36.5-50.7]",""
"Mozambique","2008","Female","41.4 [32.1-50.7]",""
"Mozambique","2008","Male","46.3 [35.3-57.6]",""
"Myanmar","2008","Male","34.0 [25.7-42.4]",""
"Myanmar","2008","Female","29.2 [21.7-37.0]",""
"Myanmar","2008","Both sexes","31.6 [25.9-37.2]",""
"Myanmar","2008","Male","34.0 [25.7-42.4]",""
"Myanmar","2008","Female","29.2 [21.7-37.0]",""
"Myanmar","2008","Both sexes","31.6 [25.9-37.2]",""
"Namibia","2008","Both sexes","41.0 [33.6-48.3]",""
"Namibia","2008","Female","38.1 [28.5-47.6]",""
"Namibia","2008","Male","43.7 [32.3-54.9]",""
"Namibia","2008","Both sexes","41.0 [33.6-48.3]",""
"Namibia","2008","Female","38.1 [28.5-47.6]",""
"Namibia","2008","Male","43.7 [32.3-54.9]",""
"Nauru","2008","Male","40.3 [28.5-51.9]",""
"Nauru","2008","Female","29.9 [20.3-39.6]",""
"Nauru","2008","Both sexes","34.9 [27.3-42.5]",""
"Nauru","2008","Male","40.3 [28.5-51.9]",""
"Nauru","2008","Female","29.9 [20.3-39.6]",""
"Nauru","2008","Both sexes","34.9 [27.3-42.5]",""
"Nepal","2008","Both sexes","27.8 [18.6-37.8]","1"
"Nepal","2008","Female","28.6 [15.9-42.7]","1"
"Nepal","2008","Male","26.6 [14.0-41.0]","1"
"Nepal","2008","Both sexes","27.8 [18.6-37.8]",""
"Nepal","2008","Female","28.6 [15.9-42.7]",""
"Nepal","2008","Male","26.6 [14.0-41.0]",""
"Netherlands","2008","Male","28.9 [20.1-38.9]",""
"Netherlands","2008","Female","17.6 [11.4-25.3]",""
"Netherlands","2008","Both sexes","23.2 [17.7-29.4]",""
"Netherlands","2008","Male","28.9 [20.1-38.9]",""
"Netherlands","2008","Female","17.6 [11.4-25.3]",""
"Netherlands","2008","Both sexes","23.2 [17.7-29.4]",""
"New Zealand","2008","Both sexes","18.9 [13.0-25.6]",""
"New Zealand","2008","Female","15.1 [8.1-24.1]",""
"New Zealand","2008","Male","22.8 [13.4-33.1]",""
"New Zealand","2008","Both sexes","18.9 [13.0-25.6]",""
"New Zealand","2008","Female","15.1 [8.1-24.1]",""
"New Zealand","2008","Male","22.8 [13.4-33.1]",""
"Nicaragua","2008","Male","31.9 [20.6-45.1]",""
"Nicaragua","2008","Female","24.7 [14.6-36.0]",""
"Nicaragua","2008","Both sexes","28.2 [20.3-37.0]",""
"Nicaragua","2008","Male","31.9 [20.6-45.1]",""
"Nicaragua","2008","Female","24.7 [14.6-36.0]",""
"Nicaragua","2008","Both sexes","28.2 [20.3-37.0]",""
"Niger","2008","Both sexes","45.7 [38.7-52.4]",""
"Niger","2008","Female","41.0 [31.6-49.8]",""
"Niger","2008","Male","50.3 [40.3-60.2]",""
"Niger","2008","Both sexes","45.7 [38.7-52.4]",""
"Niger","2008","Female","41.0 [31.6-49.8]",""
"Niger","2008","Male","50.3 [40.3-60.2]",""
"Nigeria","2008","Male","38.6 [28.0-49.6]",""
"Nigeria","2008","Female","41.2 [31.2-51.4]",""
"Nigeria","2008","Both sexes","40.0 [32.7-47.5]",""
"Nigeria","2008","Male","38.6 [28.0-49.6]",""
"Nigeria","2008","Female","41.2 [31.2-51.4]",""
"Nigeria","2008","Both sexes","40.0 [32.7-47.5]",""
"Norway","2008","Both sexes","28.0 [21.9-34.7]",""
"Norway","2008","Female","22.2 [14.8-30.6]",""
"Norway","2008","Male","33.7 [24.3-43.9]",""
"Norway","2008","Both sexes","28.0 [21.9-34.7]",""
"Norway","2008","Female","22.2 [14.8-30.6]",""
"Norway","2008","Male","33.7 [24.3-43.9]",""
"Oman","2008","Male","32.4 [21.7-44.6]",""
"Oman","2008","Female","27.5 [17.6-38.4]",""
"Oman","2008","Both sexes","30.5 [22.8-38.9]",""
"Oman","2008","Male","32.4 [21.7-44.6]",""
"Oman","2008","Female","27.5 [17.6-38.4]",""
"Oman","2008","Both sexes","30.5 [22.8-38.9]",""
"Pakistan","2008","Both sexes","28.4 [21.0-36.7]",""
"Pakistan","2008","Female","28.0 [17.9-39.1]",""
"Pakistan","2008","Male","28.6 [18.0-41.0]",""
"Pakistan","2008","Both sexes","28.4 [21.0-36.7]",""
"Pakistan","2008","Female","28.0 [17.9-39.1]",""
"Pakistan","2008","Male","28.6 [18.0-41.0]",""
"Palau","2008","Male","34.6 [20.4-49.8]",""
"Palau","2008","Female","25.5 [14.0-39.2]",""
"Palau","2008","Both sexes","29.9 [20.6-39.8]",""
"Palau","2008","Male","34.6 [20.4-49.8]","1"
"Palau","2008","Female","25.5 [14.0-39.2]","1"
"Palau","2008","Both sexes","29.9 [20.6-39.8]","1"
"Panama","2008","Both sexes","28.2 [19.3-38.1]","1"
"Panama","2008","Female","23.3 [12.5-36.2]","1"
"Panama","2008","Male","33.1 [19.9-47.9]","1"
"Panama","2008","Both sexes","28.2 [19.3-38.1]",""
"Panama","2008","Female","23.3 [12.5-36.2]",""
"Panama","2008","Male","33.1 [19.9-47.9]",""
"Papua New Guinea","2008","Male","21.1 [14.0-30.0]",""
"Papua New Guinea","2008","Female","18.1 [11.6-26.3]",""
"Papua New Guinea","2008","Both sexes","19.6 [14.6-25.5]",""
"Papua New Guinea","2008","Male","21.1 [14.0-30.0]",""
"Papua New Guinea","2008","Female","18.1 [11.6-26.3]",""
"Papua New Guinea","2008","Both sexes","19.6 [14.6-25.5]",""
"Paraguay","2008","Both sexes","29.7 [20.4-39.7]","1"
"Paraguay","2008","Female","24.8 [13.1-38.5]","1"
"Paraguay","2008","Male","34.6 [20.2-49.9]","1"
"Paraguay","2008","Both sexes","29.7 [20.4-39.7]",""
"Paraguay","2008","Female","24.8 [13.1-38.5]",""
"Paraguay","2008","Male","34.6 [20.2-49.9]",""
"Peru","2008","Male","26.0 [17.3-35.8]",""
"Peru","2008","Female","19.6 [12.7-27.3]",""
"Peru","2008","Both sexes","22.8 [17.2-29.1]",""
"Peru","2008","Male","26.0 [17.3-35.8]",""
"Peru","2008","Female","19.6 [12.7-27.3]",""
"Peru","2008","Both sexes","22.8 [17.2-29.1]",""
"Philippines","2008","Both sexes","26.2 [20.2-32.5]",""
"Philippines","2008","Female","23.6 [16.1-31.9]",""
"Philippines","2008","Male","28.7 [19.9-38.1]",""
"Philippines","2008","Both sexes","26.2 [20.2-32.5]",""
"Philippines","2008","Female","23.6 [16.1-31.9]",""
"Philippines","2008","Male","28.7 [19.9-38.1]",""
"Poland","2008","Male","41.3 [32.4-50.3]",""
"Poland","2008","Female","33.0 [25.4-41.0]",""
"Poland","2008","Both sexes","37.2 [31.4-43.2]",""
"Poland","2008","Male","41.3 [32.4-50.3]",""
"Poland","2008","Female","33.0 [25.4-41.0]",""
"Poland","2008","Both sexes","37.2 [31.4-43.2]",""
"Portugal","2008","Both sexes","29.3 [23.5-35.8]",""
"Portugal","2008","Female","24.3 [17.0-32.5]",""
"Portugal","2008","Male","34.5 [25.7-44.6]",""
"Portugal","2008","Both sexes","29.3 [23.5-35.8]",""
"Portugal","2008","Female","24.3 [17.0-32.5]",""
"Portugal","2008","Male","34.5 [25.7-44.6]",""
"Qatar","2008","Male","34.4 [25.8-43.3]",""
"Qatar","2008","Female","27.6 [19.9-35.6]",""
"Qatar","2008","Both sexes","32.6 [26.0-39.4]",""
"Qatar","2008","Male","34.4 [25.8-43.3]",""
"Qatar","2008","Female","27.6 [19.9-35.6]",""
"Qatar","2008","Both sexes","32.6 [26.0-39.4]",""
"Republic of Korea","2008","Both sexes","15.6 [11.8-19.9]",""
"Republic of Korea","2008","Female","13.1 [8.7-18.0]",""
"Republic of Korea","2008","Male","18.0 [11.7-25.1]",""
"Republic of Korea","2008","Both sexes","15.6 [11.8-19.9]",""
"Republic of Korea","2008","Female","13.1 [8.7-18.0]",""
"Republic of Korea","2008","Male","18.0 [11.7-25.1]",""
"Republic of Moldova","2008","Male","40.4 [25.6-55.9]",""
"Republic of Moldova","2008","Female","34.0 [21.2-47.5]",""
"Republic of Moldova","2008","Both sexes","37.2 [27.2-47.4]",""
"Republic of Moldova","2008","Male","40.4 [25.6-55.9]","1"
"Republic of Moldova","2008","Female","34.0 [21.2-47.5]","1"
"Republic of Moldova","2008","Both sexes","37.2 [27.2-47.4]","1"
"Romania","2008","Both sexes","36.0 [27.6-44.7]",""
"Romania","2008","Female","32.9 [21.9-44.0]",""
"Romania","2008","Male","39.0 [26.6-52.0]",""
"Romania","2008","Both sexes","36.0 [27.6-44.7]",""
"Romania","2008","Female","32.9 [21.9-44.0]",""
"Romania","2008","Male","39.0 [26.6-52.0]",""
"Russian Federation","2008","Male","37.2 [29.0-45.8]",""
"Russian Federation","2008","Female","31.8 [24.1-39.7]",""
"Russian Federation","2008","Both sexes","34.4 [28.8-40.3]",""
"Russian Federation","2008","Male","37.2 [29.0-45.8]",""
"Russian Federation","2008","Female","31.8 [24.1-39.7]",""
"Russian Federation","2008","Both sexes","34.4 [28.8-40.3]",""
"Rwanda","2008","Both sexes","41.8 [30.9-52.8]","1"
"Rwanda","2008","Female","40.2 [25.0-54.7]","1"
"Rwanda","2008","Male","43.6 [27.2-59.8]","1"
"Rwanda","2008","Both sexes","41.8 [30.9-52.8]",""
"Rwanda","2008","Female","40.2 [25.0-54.7]",""
"Rwanda","2008","Male","43.6 [27.2-59.8]",""
"Saint Kitts and Nevis","2008","Male","43.2 [32.6-53.8]",""
"Saint Kitts and Nevis","2008","Female","32.5 [22.8-42.5]",""
"Saint Kitts and Nevis","2008","Both sexes","37.7 [30.6-44.9]",""
"Saint Kitts and Nevis","2008","Male","43.2 [32.6-53.8]",""
"Saint Kitts and Nevis","2008","Female","32.5 [22.8-42.5]",""
"Saint Kitts and Nevis","2008","Both sexes","37.7 [30.6-44.9]",""
"Saint Lucia","2008","Both sexes","32.1 [22.7-41.7]","1"
"Saint Lucia","2008","Female","27.4 [15.2-40.8]","1"
"Saint Lucia","2008","Male","37.1 [23.2-51.7]","1"
"Saint Lucia","2008","Both sexes","32.1 [22.7-41.7]",""
"Saint Lucia","2008","Female","27.4 [15.2-40.8]",""
"Saint Lucia","2008","Male","37.1 [23.2-51.7]",""
"Saint Vincent and the Grenadines","2008","Male","35.4 [21.8-49.9]",""
"Saint Vincent and the Grenadines","2008","Female","27.5 [15.9-40.4]",""
"Saint Vincent and the Grenadines","2008","Both sexes","31.5 [22.5-41.1]",""
"Saint Vincent and the Grenadines","2008","Male","35.4 [21.8-49.9]","1"
"Saint Vincent and the Grenadines","2008","Female","27.5 [15.9-40.4]","1"
"Saint Vincent and the Grenadines","2008","Both sexes","31.5 [22.5-41.1]","1"
"Samoa","2008","Both sexes","32.9 [24.9-41.2]",""
"Samoa","2008","Female","28.3 [18.4-38.7]",""
"Samoa","2008","Male","37.2 [24.6-50.8]",""
"Samoa","2008","Both sexes","32.9 [24.9-41.2]",""
"Samoa","2008","Female","28.3 [18.4-38.7]",""
"Samoa","2008","Male","37.2 [24.6-50.8]",""
"Sao Tome and Principe","2008","Male","46.3 [36.9-55.3]",""
"Sao Tome and Principe","2008","Female","42.4 [34.4-50.0]",""
"Sao Tome and Principe","2008","Both sexes","44.4 [38.3-50.5]",""
"Sao Tome and Principe","2008","Male","46.3 [36.9-55.3]",""
"Sao Tome and Principe","2008","Female","42.4 [34.4-50.0]",""
"Sao Tome and Principe","2008","Both sexes","44.4 [38.3-50.5]",""
"Saudi Arabia","2008","Both sexes","31.2 [25.2-37.4]",""
"Saudi Arabia","2008","Female","28.7 [21.1-36.6]",""
"Saudi Arabia","2008","Male","32.9 [24.3-42.3]",""
"Saudi Arabia","2008","Both sexes","31.2 [25.2-37.4]",""
"Saudi Arabia","2008","Female","28.7 [21.1-36.6]",""
"Saudi Arabia","2008","Male","32.9 [24.3-42.3]",""
"Senegal","2008","Male","37.9 [23.8-52.1]",""
"Senegal","2008","Female","34.4 [21.9-47.3]",""
"Senegal","2008","Both sexes","36.1 [26.5-45.4]",""
"Senegal","2008","Male","37.9 [23.8-52.1]","1"
"Senegal","2008","Female","34.4 [21.9-47.3]","1"
"Senegal","2008","Both sexes","36.1 [26.5-45.4]","1"
"Serbia","2008","Both sexes","38.1 [32.2-43.9]",""
"Serbia","2008","Female","33.6 [26.4-41.2]",""
"Serbia","2008","Male","42.5 [33.2-51.4]",""
"Serbia","2008","Both sexes","38.1 [32.2-43.9]",""
"Serbia","2008","Female","33.6 [26.4-41.2]",""
"Serbia","2008","Male","42.5 [33.2-51.4]",""
"Seychelles","2008","Male","43.2 [32.2-53.5]",""
"Seychelles","2008","Female","31.9 [22.9-40.7]",""
"Seychelles","2008","Both sexes","37.7 [30.6-44.7]",""
"Seychelles","2008","Male","43.2 [32.2-53.5]",""
"Seychelles","2008","Female","31.9 [22.9-40.7]",""
"Seychelles","2008","Both sexes","37.7 [30.6-44.7]",""
"Sierra Leone","2008","Both sexes","41.2 [36.0-46.3]",""
"Sierra Leone","2008","Female","40.5 [33.6-47.5]",""
"Sierra Leone","2008","Male","41.9 [34.4-49.2]",""
"Sierra Leone","2008","Both sexes","41.2 [36.0-46.3]",""
"Sierra Leone","2008","Female","40.5 [33.6-47.5]",""
"Sierra Leone","2008","Male","41.9 [34.4-49.2]",""
"Singapore","2008","Male","24.3 [18.0-31.0]",""
"Singapore","2008","Female","18.5 [13.5-24.0]",""
"Singapore","2008","Both sexes","21.4 [17.3-25.7]",""
"Singapore","2008","Male","24.3 [18.0-31.0]",""
"Singapore","2008","Female","18.5 [13.5-24.0]",""
"Singapore","2008","Both sexes","21.4 [17.3-25.7]",""
"Slovakia","2008","Both sexes","37.3 [27.6-47.2]","1"
"Slovakia","2008","Female","32.5 [19.8-45.5]","1"
"Slovakia","2008","Male","42.1 [27.9-56.9]","1"
"Slovakia","2008","Both sexes","37.3 [27.6-47.2]",""
"Slovakia","2008","Female","32.5 [19.8-45.5]",""
"Slovakia","2008","Male","42.1 [27.9-56.9]",""
"Slovenia","2008","Male","43.3 [28.9-57.9]",""
"Slovenia","2008","Female","32.8 [19.5-46.5]",""
"Slovenia","2008","Both sexes","38.0 [28.0-48.4]",""
"Slovenia","2008","Male","43.3 [28.9-57.9]","1"
"Slovenia","2008","Female","32.8 [19.5-46.5]","1"
"Slovenia","2008","Both sexes","38.0 [28.0-48.4]","1"
"Solomon Islands","2008","Both sexes","26.2 [19.4-33.3]",""
"Solomon Islands","2008","Female","25.9 [16.5-35.9]",""
"Solomon Islands","2008","Male","26.5 [16.8-37.9]",""
"Solomon Islands","2008","Both sexes","26.2 [19.4-33.3]",""
"Solomon Islands","2008","Female","25.9 [16.5-35.9]",""
"Solomon Islands","2008","Male","26.5 [16.8-37.9]",""
"Somalia","2008","Male","39.9 [25.7-54.6]",""
"Somalia","2008","Female","35.7 [22.7-48.9]",""
"Somalia","2008","Both sexes","37.8 [28.3-47.9]",""
"Somalia","2008","Male","39.9 [25.7-54.6]","1"
"Somalia","2008","Female","35.7 [22.7-48.9]","1"
"Somalia","2008","Both sexes","37.8 [28.3-47.9]","1"
"South Africa","2008","Both sexes","37.4 [32.7-42.2]",""
"South Africa","2008","Female","34.9 [28.7-41.4]",""
"South Africa","2008","Male","39.9 [32.7-46.9]",""
"South Africa","2008","Both sexes","37.4 [32.7-42.2]",""
"South Africa","2008","Female","34.9 [28.7-41.4]",""
"South Africa","2008","Male","39.9 [32.7-46.9]",""
"Spain","2008","Male","27.7 [20.7-35.5]",""
"Spain","2008","Female","18.6 [13.6-24.7]",""
"Spain","2008","Both sexes","23.2 [18.7-28.0]",""
"Spain","2008","Male","27.7 [20.7-35.5]",""
"Spain","2008","Female","18.6 [13.6-24.7]",""
"Spain","2008","Both sexes","23.2 [18.7-28.0]",""
"Sri Lanka","2008","Both sexes","28.5 [22.1-35.1]",""
"Sri Lanka","2008","Female","26.2 [18.1-35.0]",""
"Sri Lanka","2008","Male","31.0 [21.6-41.3]",""
"Sri Lanka","2008","Both sexes","28.5 [22.1-35.1]",""
"Sri Lanka","2008","Female","26.2 [18.1-35.0]",""
"Sri Lanka","2008","Male","31.0 [21.6-41.3]",""
"Sudan","2008","Male","39.9 [25.4-54.4]",""
"Sudan","2008","Female","33.5 [20.6-46.5]",""
"Sudan","2008","Both sexes","36.7 [27.1-46.3]",""
"Sudan","2008","Male","39.9 [25.4-54.4]","1"
"Sudan","2008","Female","33.5 [20.6-46.5]","1"
"Sudan","2008","Both sexes","36.7 [27.1-46.3]","1"
"Suriname","2008","Both sexes","30.4 [21.2-39.9]","1"
"Suriname","2008","Female","26.7 [14.5-39.7]","1"
"Suriname","2008","Male","34.2 [20.9-48.3]","1"
"Suriname","2008","Both sexes","30.4 [21.2-39.9]",""
"Suriname","2008","Female","26.7 [14.5-39.7]",""
"Suriname","2008","Male","34.2 [20.9-48.3]",""
"Swaziland","2008","Male","40.5 [26.1-55.3]",""
"Swaziland","2008","Female","36.4 [22.5-50.4]",""
"Swaziland","2008","Both sexes","38.3 [28.4-48.6]",""
"Swaziland","2008","Male","40.5 [26.1-55.3]","1"
"Swaziland","2008","Female","36.4 [22.5-50.4]","1"
"Swaziland","2008","Both sexes","38.3 [28.4-48.6]","1"
"Sweden","2008","Both sexes","24.6 [19.7-30.0]",""
"Sweden","2008","Female","19.3 [13.6-26.3]",""
"Sweden","2008","Male","29.7 [21.9-38.6]",""
"Sweden","2008","Both sexes","24.6 [19.7-30.0]",""
"Sweden","2008","Female","19.3 [13.6-26.3]",""
"Sweden","2008","Male","29.7 [21.9-38.6]",""
"Switzerland","2008","Male","27.4 [18.7-37.3]",""
"Switzerland","2008","Female","14.9 [9.1-22.1]",""
"Switzerland","2008","Both sexes","20.9 [15.6-26.9]",""
"Switzerland","2008","Male","27.4 [18.7-37.3]",""
"Switzerland","2008","Female","14.9 [9.1-22.1]",""
"Switzerland","2008","Both sexes","20.9 [15.6-26.9]",""
"Syrian Arab Republic","2008","Both sexes","30.7 [22.1-39.9]","1"
"Syrian Arab Republic","2008","Female","29.6 [17.6-42.6]","1"
"Syrian Arab Republic","2008","Male","31.8 [19.1-45.2]","1"
"Syrian Arab Republic","2008","Both sexes","30.7 [22.1-39.9]",""
"Syrian Arab Republic","2008","Female","29.6 [17.6-42.6]",""
"Syrian Arab Republic","2008","Male","31.8 [19.1-45.2]",""
"Tajikistan","2008","Male","37.4 [22.5-52.2]",""
"Tajikistan","2008","Female","34.1 [20.2-48.0]",""
"Tajikistan","2008","Both sexes","35.7 [25.8-45.9]",""
"Tajikistan","2008","Male","37.4 [22.5-52.2]","1"
"Tajikistan","2008","Female","34.1 [20.2-48.0]","1"
"Tajikistan","2008","Both sexes","35.7 [25.8-45.9]","1"
"Thailand","2008","Both sexes","22.3 [18.6-26.2]",""
"Thailand","2008","Female","20.2 [15.3-25.5]",""
"Thailand","2008","Male","24.6 [19.1-30.7]",""
"Thailand","2008","Both sexes","22.3 [18.6-26.2]",""
"Thailand","2008","Female","20.2 [15.3-25.5]",""
"Thailand","2008","Male","24.6 [19.1-30.7]",""
"The former Yugoslav Republic of Macedonia","2008","Male","39.8 [25.8-54.4]",""
"The former Yugoslav Republic of Macedonia","2008","Female","33.2 [20.6-46.4]",""
"The former Yugoslav Republic of Macedonia","2008","Both sexes","36.6 [27.0-46.2]",""
"The former Yugoslav Republic of Macedonia","2008","Male","39.8 [25.8-54.4]","1"
"The former Yugoslav Republic of Macedonia","2008","Female","33.2 [20.6-46.4]","1"
"The former Yugoslav Republic of Macedonia","2008","Both sexes","36.6 [27.0-46.2]","1"
"Timor-Leste","2008","Both sexes","26.5 [17.7-36.0]","1"
"Timor-Leste","2008","Female","24.7 [13.1-38.1]","1"
"Timor-Leste","2008","Male","28.2 [15.8-41.8]","1"
"Timor-Leste","2008","Both sexes","26.5 [17.7-36.0]",""
"Timor-Leste","2008","Female","24.7 [13.1-38.1]",""
"Timor-Leste","2008","Male","28.2 [15.8-41.8]",""
"Togo","2008","Male","38.8 [25.1-53.1]",""
"Togo","2008","Female","35.3 [22.4-47.8]",""
"Togo","2008","Both sexes","37.1 [27.8-46.3]",""
"Togo","2008","Male","38.8 [25.1-53.1]","1"
"Togo","2008","Female","35.3 [22.4-47.8]","1"
"Togo","2008","Both sexes","37.1 [27.8-46.3]","1"
"Tonga","2008","Both sexes","30.6 [23.2-38.4]",""
"Tonga","2008","Female","27.0 [17.9-37.0]",""
"Tonga","2008","Male","34.1 [22.6-46.3]",""
"Tonga","2008","Both sexes","30.6 [23.2-38.4]",""
"Tonga","2008","Female","27.0 [17.9-37.0]",""
"Tonga","2008","Male","34.1 [22.6-46.3]",""
"Trinidad and Tobago","2008","Male","34.8 [22.3-48.3]",""
"Trinidad and Tobago","2008","Female","27.7 [16.7-39.2]",""
"Trinidad and Tobago","2008","Both sexes","31.1 [22.6-40.0]",""
"Trinidad and Tobago","2008","Male","34.8 [22.3-48.3]",""
"Trinidad and Tobago","2008","Female","27.7 [16.7-39.2]",""
"Trinidad and Tobago","2008","Both sexes","31.1 [22.6-40.0]",""
"Tunisia","2008","Both sexes","32.0 [24.9-39.3]",""
"Tunisia","2008","Female","31.6 [21.7-41.7]",""
"Tunisia","2008","Male","32.4 [22.1-43.1]",""
"Tunisia","2008","Both sexes","32.0 [24.9-39.3]",""
"Tunisia","2008","Female","31.6 [21.7-41.7]",""
"Tunisia","2008","Male","32.4 [22.1-43.1]",""
"Turkey","2008","Male","24.0 [17.7-30.4]",""
"Turkey","2008","Female","24.9 [19.4-30.5]",""
"Turkey","2008","Both sexes","24.5 [20.4-28.7]",""
"Turkey","2008","Male","24.0 [17.7-30.4]",""
"Turkey","2008","Female","24.9 [19.4-30.5]",""
"Turkey","2008","Both sexes","24.5 [20.4-28.7]",""
"Turkmenistan","2008","Both sexes","35.5 [25.8-45.5]","1"
"Turkmenistan","2008","Female","32.8 [19.6-46.1]","1"
"Turkmenistan","2008","Male","38.3 [24.2-53.2]","1"
"Turkmenistan","2008","Both sexes","35.5 [25.8-45.5]",""
"Turkmenistan","2008","Female","32.8 [19.6-46.1]",""
"Turkmenistan","2008","Male","38.3 [24.2-53.2]",""
"Uganda","2008","Male","42.9 [27.1-58.5]",""
"Uganda","2008","Female","39.6 [25.0-53.9]",""
"Uganda","2008","Both sexes","41.3 [30.7-52.2]",""
"Uganda","2008","Male","42.9 [27.1-58.5]","1"
"Uganda","2008","Female","39.6 [25.0-53.9]","1"
"Uganda","2008","Both sexes","41.3 [30.7-52.2]","1"
"Ukraine","2008","Both sexes","40.3 [34.0-46.6]",""
"Ukraine","2008","Female","35.4 [27.4-43.6]",""
"Ukraine","2008","Male","45.8 [36.3-55.1]",""
"Ukraine","2008","Both sexes","40.3 [34.0-46.6]",""
"Ukraine","2008","Female","35.4 [27.4-43.6]",""
"Ukraine","2008","Male","45.8 [36.3-55.1]",""
"United Arab Emirates","2008","Male","30.4 [19.9-41.5]",""
"United Arab Emirates","2008","Female","21.2 [12.9-31.1]",""
"United Arab Emirates","2008","Both sexes","27.7 [19.8-36.2]",""
"United Arab Emirates","2008","Male","30.4 [19.9-41.5]",""
"United Arab Emirates","2008","Female","21.2 [12.9-31.1]",""
"United Arab Emirates","2008","Both sexes","27.7 [19.8-36.2]",""
"United Kingdom","2008","Both sexes","23.4 [19.5-27.4]",""
"United Kingdom","2008","Female","19.1 [14.5-24.4]",""
"United Kingdom","2008","Male","27.7 [21.9-34.0]",""
"United Kingdom","2008","Both sexes","23.4 [19.5-27.4]",""
"United Kingdom","2008","Female","19.1 [14.5-24.4]",""
"United Kingdom","2008","Male","27.7 [21.9-34.0]",""
"United Republic of Tanzania","2008","Male","36.2 [24.2-49.5]",""
"United Republic of Tanzania","2008","Female","33.9 [22.8-45.7]",""
"United Republic of Tanzania","2008","Both sexes","35.1 [27.0-44.0]",""
"United Republic of Tanzania","2008","Male","36.2 [24.2-49.5]",""
"United Republic of Tanzania","2008","Female","33.9 [22.8-45.7]",""
"United Republic of Tanzania","2008","Both sexes","35.1 [27.0-44.0]",""
"United States of America","2008","Both sexes","15.6 [12.9-18.8]",""
"United States of America","2008","Female","14.2 [10.8-18.1]",""
"United States of America","2008","Male","17.0 [12.8-21.8]",""
"United States of America","2008","Both sexes","15.6 [12.9-18.8]",""
"United States of America","2008","Female","14.2 [10.8-18.1]",""
"United States of America","2008","Male","17.0 [12.8-21.8]",""
"Uruguay","2008","Male","37.5 [27.0-48.2]",""
"Uruguay","2008","Female","25.4 [17.2-34.2]",""
"Uruguay","2008","Both sexes","31.1 [24.2-38.0]",""
"Uruguay","2008","Male","37.5 [27.0-48.2]",""
"Uruguay","2008","Female","25.4 [17.2-34.2]",""
"Uruguay","2008","Both sexes","31.1 [24.2-38.0]",""
"Uzbekistan","2008","Both sexes","28.4 [21.2-36.2]",""
"Uzbekistan","2008","Female","26.3 [17.1-36.1]",""
"Uzbekistan","2008","Male","30.5 [19.5-42.8]",""
"Uzbekistan","2008","Both sexes","28.4 [21.2-36.2]",""
"Uzbekistan","2008","Female","26.3 [17.1-36.1]",""
"Uzbekistan","2008","Male","30.5 [19.5-42.8]",""
"Vanuatu","2008","Male","40.7 [29.1-52.4]",""
"Vanuatu","2008","Female","36.5 [25.9-46.9]",""
"Vanuatu","2008","Both sexes","38.5 [30.8-46.6]",""
"Vanuatu","2008","Male","40.7 [29.1-52.4]",""
"Vanuatu","2008","Female","36.5 [25.9-46.9]",""
"Vanuatu","2008","Both sexes","38.5 [30.8-46.6]",""
"Venezuela (Bolivarian Republic of)","2008","Both sexes","31.2 [23.4-39.6]",""
"Venezuela (Bolivarian Republic of)","2008","Female","25.4 [15.7-35.8]",""
"Venezuela (Bolivarian Republic of)","2008","Male","37.1 [24.4-50.3]",""
"Venezuela (Bolivarian Republic of)","2008","Both sexes","31.2 [23.4-39.6]",""
"Venezuela (Bolivarian Republic of)","2008","Female","25.4 [15.7-35.8]",""
"Venezuela (Bolivarian Republic of)","2008","Male","37.1 [24.4-50.3]",""
"Viet Nam","2008","Male","29.1 [20.3-38.4]",""
"Viet Nam","2008","Female","23.3 [16.2-31.2]",""
"Viet Nam","2008","Both sexes","26.1 [20.3-32.1]",""
"Viet Nam","2008","Male","29.1 [20.3-38.4]",""
"Viet Nam","2008","Female","23.3 [16.2-31.2]",""
"Viet Nam","2008","Both sexes","26.1 [20.3-32.1]",""
"Yemen","2008","Both sexes","30.8 [21.6-40.7]","1"
"Yemen","2008","Female","29.3 [16.8-42.9]","1"
"Yemen","2008","Male","32.2 [19.1-46.4]","1"
"Yemen","2008","Both sexes","30.8 [21.6-40.7]",""
"Yemen","2008","Female","29.3 [16.8-42.9]",""
"Yemen","2008","Male","32.2 [19.1-46.4]",""
"Zambia","2008","Male","41.0 [30.0-52.4]",""
"Zambia","2008","Female","37.9 [28.4-47.2]",""
"Zambia","2008","Both sexes","39.6 [32.4-46.8]",""
"Zambia","2008","Male","41.0 [30.0-52.4]",""
"Zambia","2008","Female","37.9 [28.4-47.2]",""
"Zambia","2008","Both sexes","39.6 [32.4-46.8]",""
"Zimbabwe","2008","Both sexes","36.7 [27.8-45.8]",""
"Zimbabwe","2008","Female","36.4 [23.9-48.8]",""
"Zimbabwe","2008","Male","36.9 [24.6-49.5]",""
"Zimbabwe","2008","Both sexes","36.7 [27.8-45.8]",""
"Zimbabwe","2008","Female","36.4 [23.9-48.8]",""
"Zimbabwe","2008","Male","36.9 [24.6-49.5]",""

"footnoteSeqID","Footnote"
"1","No country data available.  Estimate modeled using data from other countries and specific country characteristics."
